,City,Cloudiness,Country,Date,Humidity,Lat,Lng,Max Temp,Wind Speed
0,Jamestown,0,AU,1546467073,68,-33.21,138.6,67.84,5.84
1,Victoria Point,75,AU,1546464600,78,-27.58,153.3,75.2,8.05
2,Rikitea,88,PF,1546467261,100,-23.12,-134.97,75.17,14.18
3,Mataura,92,NZ,1546467263,51,-46.19,168.86,63.7,24.07
4,Rieti,0,IT,1546462500,85,42.4,12.86,17.6,46.08
5,Nanortalik,12,GL,1546467265,99,60.14,-45.24,28.55,13.06
6,Saldanha,0,PT,1546467266,85,41.42,-6.55,24.77,3.56
7,Tuatapere,80,NZ,1546467267,95,-46.13,167.69,57.17,23.17
8,Moranbah,8,AU,1546467269,80,-22.0,148.04,68.15,8.41
9,Punta Arenas,75,CL,1546466400,57,-53.16,-70.91,50.0,17.22
10,Samagaltay,8,RU,1546467271,0,50.6,95.0,-41.92,1.81
11,Nome,90,US,1546466100,89,30.04,-94.42,51.98,12.75
12,Isangel,76,VU,1546467273,100,-19.55,169.27,78.05,17.2
13,Airai,56,TL,1546467275,93,-8.93,125.41,69.91,1.25
14,Turangi,68,NZ,1546467276,92,-39.0,175.93,63.2,4.05
15,Sitka,0,US,1546467277,57,37.17,-99.65,38.27,2.26
16,Vaini,12,IN,1546467278,62,15.34,74.49,57.85,3.89
17,Saint-Philippe,1,CA,1546466100,73,45.36,-73.48,14.9,2.21
18,Qaanaaq,68,GL,1546467281,83,77.48,-69.36,-0.03,6.51
19,Maniitsoq,32,GL,1546467282,100,65.42,-52.9,16.36,12.66
20,Nargana,0,PA,1546467283,98,9.44,-78.59,82.24,14.45
21,Albany,75,US,1546466100,63,42.65,-73.75,30.02,2.37
22,Port Alfred,100,ZA,1546467286,79,-33.59,26.89,66.94,11.88
23,Barrow,0,AR,1546467287,69,-38.31,-60.23,77.92,9.86
24,Avarua,75,CK,1546466400,83,-21.21,-159.78,84.2,10.29
25,Chapais,75,CA,1546462800,76,49.78,-74.86,-4.01,5.82
26,San Patricio,44,PY,1546467291,61,-26.98,-56.83,92.14,6.24
27,Hermanus,0,ZA,1546467292,65,-34.42,19.24,62.35,10.94
28,Kapaa,40,US,1546466160,62,22.08,-159.32,80.06,14.99
29,Berdigestyakh,36,RU,1546467294,74,62.1,126.7,-3.27,7.52
30,Choya,56,RU,1546467295,70,52.01,86.55,-10.33,2.21
31,Esperance,75,TT,1546466400,78,10.24,-61.45,78.8,11.41
32,Takoradi,0,GH,1546467298,100,4.89,-1.75,82.6,7.14
33,Verkhoyansk,56,RU,1546467299,65,67.55,133.39,-22.98,2.77
34,Chokurdakh,68,RU,1546467300,72,70.62,147.9,0.83,11.39
35,Lompoc,1,US,1546466160,42,34.64,-120.46,59.0,10.29
36,Ponta do Sol,44,BR,1546467303,80,-20.63,-46.0,78.23,3.33
37,Castro,80,CL,1546466400,44,-42.48,-73.76,57.2,13.87
38,Busselton,56,AU,1546467305,100,-33.64,115.35,63.52,16.91
39,Merauke,64,ID,1546467307,100,-8.49,140.4,79.54,12.17
40,Karratha,0,AU,1546467308,96,-20.74,116.85,72.07,2.71
41,Zihuatanejo,75,MX,1546465200,55,17.64,-101.55,86.0,4.7
42,Dikson,64,RU,1546467310,95,73.51,80.55,11.59,23.47
43,Winnemucca,1,US,1546462560,50,40.97,-117.74,28.94,4.7
44,Klaksvik,20,FO,1546465800,93,62.23,-6.59,44.6,16.11
45,Mahebourg,40,MU,1546466400,83,-20.41,57.7,78.8,2.24
46,Portland,90,US,1546465980,59,45.52,-122.67,44.06,5.82
47,Cape Town,0,ZA,1546462800,63,-33.93,18.42,64.4,9.17
48,Yumen,36,CN,1546467318,65,40.29,97.04,-3.99,4.9
49,Bluff,0,AU,1546467240,74,-23.58,149.07,71.44,8.08
50,New Norfolk,20,AU,1546464600,63,-42.78,147.06,62.6,8.05
51,East London,100,ZA,1546467321,100,-33.02,27.91,67.84,12.44
52,Longyearbyen,75,NO,1546465800,66,78.22,15.63,14.0,6.93
53,Novonukutskiy,44,RU,1546467324,54,53.7,102.71,-19.42,2.71
54,Kruisfontein,64,ZA,1546467325,80,-34.0,24.73,64.82,13.62
55,Aquiraz,0,BR,1546466400,78,-3.9,-38.39,82.4,12.75
56,Pinheiro,20,BR,1546467327,65,-2.53,-45.09,83.45,7.29
57,Yellowknife,90,CA,1546462800,92,62.45,-114.38,15.8,2.24
58,Kahului,20,US,1546466160,51,20.89,-156.47,84.02,19.46
59,Gandorhun,0,SL,1546467331,46,8.44,-10.86,75.13,4.5
60,Muborak,24,UZ,1546467332,94,39.25,65.15,32.11,5.5
61,Taoudenni,0,ML,1546467333,47,22.68,-3.98,51.37,8.52
62,Beyneu,88,KZ,1546467335,94,45.32,55.19,25.0,9.82
63,Asyut,0,EG,1546462800,54,27.18,31.19,53.6,5.82
64,Provideniya,0,RU,1546466400,69,64.42,-173.23,-7.61,6.71
65,Prince Albert,90,CA,1546462800,86,53.2,-105.75,32.0,3.36
66,Iqaluit,20,CA,1546462800,74,63.75,-68.52,-23.81,5.82
67,Xining,68,CN,1546467341,55,36.62,101.77,5.33,1.88
68,Udachnyy,0,RU,1546467342,79,66.42,112.4,-4.98,5.79
69,Kaitangata,32,NZ,1546467343,52,-46.28,169.85,63.65,25.14
70,Cabo San Lucas,90,MX,1546465500,52,22.89,-109.91,69.8,4.7
71,Hobart,20,AU,1546466400,59,-42.88,147.33,64.4,8.05
72,Ancud,32,CL,1546466400,44,-41.87,-73.83,57.2,13.87
73,College,90,US,1546466160,84,64.86,-147.8,30.02,10.83
74,Vytegra,92,RU,1546467349,91,61.01,36.45,30.04,6.73
75,Micheweni,8,TZ,1546467350,100,-4.97,39.83,83.63,6.13
76,Thompson,90,CA,1546462800,77,55.74,-97.86,5.0,2.77
77,Mufumbwe,64,ZM,1546467353,99,-13.68,24.8,65.72,3.27
78,Bathsheba,40,BB,1546466400,74,13.22,-59.52,78.8,16.11
79,Waiuku,92,NZ,1546467355,96,-37.25,174.73,68.42,12.44
80,Cochrane,48,CL,1546467356,38,-47.25,-72.57,51.64,6.06
81,Ornskoldsvik,0,SE,1546465800,78,63.29,18.72,17.6,8.05
82,Najran,0,SA,1546462800,40,17.54,44.22,64.4,3.04
83,Sechura,0,PE,1546467360,69,-5.56,-80.82,78.37,14.18
84,Ushuaia,75,AR,1546466400,70,-54.81,-68.31,46.4,19.46
85,Richards Bay,92,ZA,1546467363,99,-28.77,32.06,68.11,15.9
86,Sorland,75,NO,1546464000,74,67.67,12.69,33.8,9.17
87,Codrington,0,AU,1546466400,61,-28.95,153.24,77.0,2.24
88,Lixourion,68,GR,1546467366,100,38.2,20.43,52.9,6.85
89,Begles,0,FR,1546464600,74,44.81,-0.55,37.4,6.93
90,Bilibino,64,RU,1546467369,41,68.06,166.44,-27.84,2.1
91,Hovd,75,NO,1546465800,93,63.83,10.7,42.8,18.34
92,Ternate,75,PH,1546466400,83,14.29,120.72,77.0,2.24
93,Kodiak,1,US,1546466100,55,39.95,-94.76,35.6,8.05
94,Port Macquarie,0,AU,1546462800,69,-31.43,152.91,73.4,3.36
95,Hithadhoo,76,MV,1546467375,100,-0.6,73.08,81.61,9.53
96,Padang,40,ID,1546464600,94,-0.92,100.36,75.2,4.7
97,Aguimes,0,ES,1546464600,45,27.91,-15.45,62.6,12.75
98,Bonthe,0,SL,1546467380,62,7.53,-12.5,83.95,6.51
99,Bredasdorp,76,ZA,1546466400,64,-34.53,20.04,68.0,19.46
100,Berlevag,40,NO,1546465800,74,70.86,29.09,28.4,13.87
101,Verkhnyaya Maksakovka,90,RU,1546466400,85,61.63,50.97,23.0,11.18
102,Tura,0,IN,1546467384,77,25.52,90.21,47.41,2.1
103,Senador Jose Porfirio,76,BR,1546467386,83,-2.59,-51.95,81.7,4.34
104,Nikolskoye,90,RU,1546466400,86,59.7,30.79,28.4,13.42
105,Saint George,40,GR,1546462200,68,39.45,22.34,33.8,2.71
106,Faanui,64,PF,1546467389,100,-16.48,-151.75,83.59,8.37
107,Shache,24,CN,1546467390,75,38.42,77.24,9.2,3.11
108,Port Elizabeth,90,US,1546466160,74,39.31,-74.98,42.98,6.93
109,Severo-Kurilsk,76,RU,1546467393,100,50.68,156.12,25.85,15.46
110,Kavieng,44,PG,1546467394,100,-2.57,150.8,83.68,15.12
111,Riyadh,0,SA,1546466400,52,24.63,46.72,66.2,6.93
112,Georgetown,40,GY,1546466400,78,6.8,-58.16,80.6,11.41
113,Bakel,0,SN,1546467398,24,14.9,-12.46,75.4,10.09
114,Sao Filipe,76,CV,1546467399,86,14.9,-24.5,76.7,13.67
115,Talnakh,68,RU,1546467401,84,69.49,88.39,7.0,18.03
116,Cascais,20,PT,1546464600,93,38.7,-9.42,51.8,8.05
117,Belaya Gora,64,RU,1546467403,74,68.54,146.19,-3.09,10.6
118,Panaba,0,MX,1546467404,58,21.28,-88.27,84.85,9.6
119,Nishihara,1,JP,1546466400,58,35.74,139.53,35.6,4.23
120,Beringovskiy,44,RU,1546467407,100,63.05,179.32,-14.2,7.63
121,Vardo,90,US,1546466100,67,39.62,-77.74,46.4,13.87
122,Aleksandrov Gay,80,RU,1546467409,87,50.14,48.57,18.16,8.37
123,Marzuq,0,YE,1546467410,88,14.4,46.47,44.3,2.26
124,Canico,20,PT,1546464600,72,32.63,-16.85,62.6,5.82
125,Anjiang,56,CN,1546467413,67,27.32,110.14,17.26,2.71
126,Pachino,40,IT,1546462200,81,36.72,15.09,48.2,3.36
127,Pimenta Bueno,20,BR,1546467415,78,-11.68,-61.19,83.45,2.77
128,Pisco,0,PE,1546466400,30,-13.71,-76.2,71.6,23.04
129,General Roca,0,AR,1546466400,36,-39.03,-67.58,75.2,10.29
130,Zinder,0,NE,1546462800,20,13.81,8.99,66.2,9.17
131,Saskylakh,56,RU,1546467420,70,71.97,114.09,1.28,10.83
132,Toora-Khem,8,RU,1546467421,40,52.47,96.11,-28.6,3.38
133,Roebourne,0,AU,1546467423,96,-20.77,117.15,72.07,2.71
134,Alugan,64,PH,1546467424,97,12.22,125.48,78.23,14.12
135,Ayr,40,GB,1546465800,100,55.46,-4.63,35.6,4.7
136,Cherskiy,48,RU,1546467426,78,68.75,161.3,-18.25,6.29
137,Plettenberg Bay,36,ZA,1546467428,100,-34.05,23.37,65.5,19.55
138,Hilo,75,US,1546465980,62,19.71,-155.08,77.0,18.66
139,Grand Gaube,40,MU,1546466400,83,-20.01,57.66,78.8,2.24
140,Husavik,12,CA,1546467431,91,50.56,-96.99,14.83,6.91
141,Taywarah,20,AF,1546467432,69,33.35,64.42,15.5,2.33
142,Tasiilaq,92,GL,1546465800,74,65.61,-37.64,35.6,11.41
143,Kysyl-Syr,0,RU,1546467435,72,63.9,122.77,-6.15,8.41
144,Rennes,0,FR,1546464600,80,48.11,-1.68,39.2,3.36
145,Butaritari,100,KI,1546467437,100,3.07,172.79,81.88,23.13
146,Jardim,32,BR,1546467438,71,-21.48,-56.15,86.65,9.04
147,Alice Springs,92,AU,1546466400,10,-23.7,133.88,93.2,3.36
148,San Blas,80,MX,1546467441,59,21.54,-105.29,75.53,3.71
149,Mehamn,75,NO,1546465800,79,71.03,27.85,28.4,21.92
150,Atuona,36,PF,1546467444,99,-9.8,-139.03,81.61,17.31
151,Deputatskiy,56,RU,1546467445,69,69.3,139.9,-6.6,11.1
152,Boende,56,CD,1546467446,97,-0.28,20.88,73.73,2.55
153,Jiangyou,88,CN,1546467447,90,31.78,104.73,32.65,2.71
154,Corn Island,56,NI,1546467449,97,12.17,-83.04,81.83,19.44
155,Lagoa,0,PT,1546464600,81,37.14,-8.45,50.0,4.7
156,Fuling,24,CN,1546467451,98,29.71,107.39,28.69,2.59
157,Vao,88,EE,1546467452,80,59.1,26.19,25.45,18.81
158,Pangoa,8,PE,1546467453,76,-12.12,-73.0,78.37,2.33
159,Nantucket,1,US,1546466160,65,41.28,-70.1,33.08,4.61
160,Morondava,0,MG,1546467456,90,-20.3,44.28,81.65,3.89
161,Mar del Plata,88,AR,1546467457,36,-46.43,-67.52,63.34,13.11
162,Smolenka,80,PL,1546467458,81,54.15,22.76,27.65,26.71
163,Geraldton,75,CA,1546462800,79,49.72,-86.95,19.4,11.41
164,Puerto Ayora,20,EC,1546466400,58,-0.74,-90.35,86.0,17.22
165,Zhigansk,48,RU,1546467462,77,66.77,123.37,-11.77,4.83
166,Jalalabad,1,AF,1546462500,79,34.43,70.46,39.92,2.24
167,Novosergiyevka,80,RU,1546467464,89,52.08,53.65,18.65,8.86
168,Touros,20,BR,1546466400,78,-5.2,-35.46,80.6,9.17
169,Severnoye,88,RU,1546467467,92,54.09,52.54,19.87,9.64
170,Itarema,80,BR,1546467468,73,-2.92,-39.92,82.42,16.31
171,Skibotn,75,NO,1546465800,74,69.39,20.27,28.4,12.75
172,Victoria,75,BN,1546466400,74,5.28,115.24,80.6,8.05
173,Guerrero Negro,0,MX,1546467472,60,27.97,-114.04,61.9,13.85
174,Oranjemund,0,ZA,1546467473,90,-28.55,16.43,63.25,13.11
175,Arraial do Cabo,20,BR,1546462800,55,-22.97,-42.02,86.0,13.87
176,Coihaique,75,CL,1546466400,46,-45.58,-72.07,53.6,8.05
177,Shingu,0,JP,1546467477,100,33.72,135.99,46.37,16.69
178,Bosaso,76,SO,1546467478,100,11.28,49.18,75.49,10.04
179,Burnie,0,AU,1546467479,100,-41.05,145.91,63.52,7.63
180,Bethel,40,US,1546466160,91,60.79,-161.76,10.94,4.7
181,Mwinilunga,0,ZM,1546467482,94,-11.73,24.43,65.63,2.33
182,Nayudupeta,0,IN,1546467483,87,13.91,79.9,55.73,3.04
183,Tiksi,64,RU,1546467485,62,71.64,128.87,-3.4,19.04
184,Santa Fe,20,AR,1546467419,84,-31.62,-60.7,90.52,6.85
185,Jackville,0,CI,1546464600,88,5.21,-4.42,82.4,8.05
186,Beira,0,ES,1546464600,100,43.2,-8.36,41.0,4.7
187,Khatanga,64,RU,1546467490,88,71.98,102.47,6.28,8.75
188,Manzhouli,20,CN,1546467491,33,49.6,117.43,-23.83,3.04
189,Road Town,40,VG,1546466400,65,18.42,-64.62,78.8,11.41
190,Quatre Cocos,40,MU,1546466400,83,-20.21,57.76,78.8,2.24
191,Dingle,48,PH,1546467494,92,11.0,122.67,75.76,12.06
192,Deer Lake,75,CA,1546462800,72,49.18,-57.43,15.8,10.29
193,Tuktoyaktuk,75,CA,1546462800,84,69.44,-133.03,8.6,9.17
194,Saquena,0,PE,1546467498,65,-4.67,-73.52,87.46,3.89
195,Kailua,1,US,1546466220,62,21.39,-157.74,84.02,11.41
196,Kota Kinabalu,75,MY,1546466400,88,5.98,116.07,75.2,5.82
197,Pevek,76,RU,1546467502,100,69.7,170.27,-13.48,3.49
198,Estevan,1,CA,1546466100,92,49.14,-102.99,35.6,10.29
199,Amahai,56,ID,1546467504,100,-3.31,129.0,82.96,8.52
200,Dondo,48,MZ,1546467505,85,-19.62,34.74,82.78,9.75
201,Meulaboh,80,ID,1546467506,100,4.14,96.13,78.5,6.24
202,Fortuna,0,ES,1546464600,81,38.18,-1.13,50.0,5.82
203,Torbay,90,CA,1546462800,100,47.66,-52.73,26.6,39.15
204,Lebu,0,ET,1546467510,79,8.96,38.73,41.38,3.04
205,Granby,1,CA,1546466100,73,45.41,-72.73,14.9,2.71
206,Mildura,0,AU,1546466400,36,-34.18,142.16,78.8,10.29
207,Upernavik,76,GL,1546467471,100,72.79,-56.15,19.55,36.33
208,Golynki,64,RU,1546467515,97,54.87,31.38,30.49,10.6
209,Ribeira Grande,40,PT,1546464600,87,38.52,-28.7,59.0,13.87
210,Leningradskiy,36,RU,1546467517,94,69.38,178.42,-8.08,26.87
211,Aklavik,90,CA,1546466400,84,68.22,-135.01,14.0,4.7
212,Mysliborz,36,PL,1546467520,68,52.92,14.87,29.86,13.11
213,Chuy,44,UY,1546467389,79,-33.69,-53.46,86.74,9.75
214,Anloga,20,GH,1546462800,78,5.79,0.9,82.4,3.36
215,Sao Joao da Barra,20,BR,1546466400,78,-21.64,-41.05,80.6,12.75
216,Abu Dhabi,0,AE,1546466400,60,24.47,54.37,68.0,3.36
217,Luba,0,PH,1546467526,85,17.32,120.7,65.68,2.89
218,Poum,92,MK,1546467527,96,41.28,20.71,24.46,1.81
219,Cam Ranh,75,VN,1546466400,83,11.92,109.15,78.8,9.17
220,Bocas del Toro,68,PA,1546467367,99,9.33,-82.25,81.38,10.76
221,Eyemouth,0,GB,1546465800,86,55.87,-2.09,28.4,8.05
222,Birao,8,CF,1546467531,35,10.3,22.78,72.92,10.54
223,Sao Felix do Xingu,32,BR,1546467533,86,-6.64,-51.99,80.12,2.48
224,Mangan,80,IN,1546467534,81,27.5,88.54,13.66,1.1
225,Yulara,0,AU,1546466400,12,-25.24,130.99,86.0,6.93
226,Arlit,0,NE,1546467536,63,18.74,7.39,53.75,7.63
227,Osa,88,RU,1546467538,86,57.28,55.46,20.63,9.37
228,Carnarvon,0,ZA,1546467495,46,-30.97,22.13,63.61,16.31
229,Santa Maria,20,BR,1546467430,68,-29.69,-53.81,90.65,4.61
230,Lake City,1,US,1546464900,29,38.03,-107.32,23.0,4.7
231,Winslow,90,GB,1546465800,77,51.94,-0.88,41.0,2.24
232,Mogadishu,0,SO,1546467544,95,2.04,45.34,80.8,17.87
233,Kurchum,0,KZ,1546467545,51,48.57,83.65,-10.2,2.82
234,Alyangula,20,AU,1546466400,74,-13.85,136.42,86.0,8.05
235,Norman Wells,90,CA,1546464300,92,65.28,-126.83,19.4,2.24
236,Chernyy Yar,75,RU,1546466400,100,64.44,40.96,19.4,2.24
237,Upington,0,ZA,1546466400,15,-28.46,21.24,78.8,2.24
238,Waingapu,92,ID,1546467551,100,-9.65,120.26,74.23,10.76
239,Lazaro Cardenas,40,MX,1546465440,9,28.39,-105.62,69.8,29.97
240,Naze,8,NG,1546462800,73,5.43,7.07,71.6,4.34
241,Salmas,0,IR,1546466400,79,38.2,44.77,26.6,6.93
242,Cidreira,44,BR,1546467556,66,-30.17,-50.22,88.45,8.25
243,Antalaha,68,MG,1546467558,92,-14.9,50.28,78.28,5.5
244,Vadlapudi,0,IN,1546467559,83,14.32,79.8,56.27,1.99
245,Pochutla,75,MX,1546465320,41,15.74,-96.47,91.4,4.79
246,Vila Franca do Campo,75,PT,1546464600,88,37.72,-25.43,64.4,21.92
247,Zambezi,44,ZM,1546467563,92,-13.55,23.12,69.01,4.12
248,Srednekolymsk,48,RU,1546467564,68,67.46,153.71,-1.47,6.35
249,Alihe,0,CN,1546467565,32,50.57,123.73,-23.16,2.55
250,Daitari,0,IN,1546467566,82,21.11,85.83,49.43,1.03
251,Marawi,68,PH,1546467567,98,8.0,124.29,65.72,2.26
252,Te Anau,48,NZ,1546467569,64,-45.41,167.72,56.32,14.34
253,Inhambane,92,MZ,1546467570,100,-23.87,35.38,78.19,6.35
254,Lorengau,92,PG,1546467571,100,-2.02,147.27,83.77,15.97
255,Comodoro Rivadavia,75,AR,1546466400,19,-45.87,-67.48,68.0,14.99
256,Baoro,0,CF,1546467574,30,5.69,15.95,73.06,8.25
257,Shakiso,24,ET,1546467575,53,5.77,38.9,61.0,3.6
258,Zeya,0,RU,1546467576,56,53.74,127.27,-12.36,2.04
259,Platteville,90,US,1546466100,87,42.73,-90.48,26.6,12.75
260,Dambulla,12,LK,1546467578,86,7.87,80.65,69.01,9.31
261,Glinka,92,RU,1546467580,97,54.64,32.87,32.29,9.75
262,Luang Prabang,0,LA,1546467581,98,19.89,102.14,50.38,1.81
263,Caravelas,0,BR,1546467582,100,-17.73,-39.27,80.44,14.18
264,Delvine,75,AL,1546464000,87,39.95,20.1,46.4,13.87
265,Ahipara,56,NZ,1546467584,86,-35.17,173.16,68.42,5.06
266,Berberati,0,CF,1546467586,71,4.26,15.79,70.45,2.37
267,Holbeach,90,GB,1546465800,86,52.8,0.02,39.2,6.93
268,Ashtian,80,IR,1546467588,94,34.52,50.0,27.47,1.25
269,Marrakesh,0,MA,1546464600,57,31.63,-7.99,51.8,5.82
270,Nyagan,64,RU,1546467590,87,62.14,65.43,12.17,7.81
271,Sochi,90,RU,1546466400,70,43.6,39.73,48.2,17.9
272,Liepaja,36,LV,1546465800,81,56.52,21.02,32.0,14.99
273,Sorrento,75,AU,1546466520,88,-31.82,115.75,64.4,18.34
274,Fare,68,PF,1546467595,98,-16.7,-151.02,83.63,6.85
275,Souillac,0,FR,1546464600,74,45.6,-0.6,35.6,5.82
276,Lasa,75,CY,1546464600,87,34.92,32.53,51.8,5.82
277,Ilulissat,75,GL,1546465800,78,69.22,-51.1,17.6,5.82
278,Pemberton,92,AU,1546467600,77,-34.44,116.03,61.13,13.62
279,Pangkalanbuun,24,ID,1546467601,97,-2.68,111.62,72.43,2.82
280,Boca do Acre,20,BR,1546467602,84,-8.76,-67.39,79.58,2.21
281,Toktogul,88,KG,1546467603,94,41.87,72.95,18.52,1.48
282,Larsnes,75,NO,1546465800,100,62.2,5.58,41.0,9.17
283,Morro Bay,1,US,1546466160,26,35.37,-120.85,59.0,4.12
284,Roslyakovo,0,RU,1546466400,77,69.05,33.22,-2.21,2.24
285,Port Augusta,0,AU,1546466400,57,-32.49,137.76,77.0,2.24
286,Byron Bay,32,AU,1546466400,61,-28.65,153.62,77.0,2.24
287,Kieta,56,PG,1546467611,91,-6.22,155.63,82.73,12.84
288,Eganville,20,CA,1546462800,54,45.54,-77.1,5.0,6.93
289,Haines Junction,88,CA,1546467613,74,60.75,-137.51,19.42,3.04
290,Novoagansk,76,RU,1546467614,79,61.94,76.66,10.96,9.37
291,Butte,1,US,1546465980,62,46.01,-112.54,24.98,2.82
292,Ola,0,RU,1546467617,100,59.58,151.3,1.96,15.41
293,Bestobe,48,KZ,1546467618,55,52.5,73.1,-10.83,3.0
294,Hasaki,20,JP,1546466400,79,35.73,140.83,23.0,2.24
295,Katsuura,20,JP,1546466400,64,33.93,134.5,37.4,8.05
296,Ust-Kan,20,RU,1546467622,56,50.93,84.77,-14.52,2.55
297,Mabaruma,32,GY,1546467530,72,8.2,-59.78,80.62,9.04
298,Bambanglipuro,80,ID,1546467624,100,-7.95,110.28,70.9,3.04
299,Puerto del Rosario,20,ES,1546466400,82,28.5,-13.86,62.6,11.41
300,Gladstone,40,AU,1546466400,65,-23.84,151.26,82.4,12.75
301,Vila do Maio,68,CV,1546466400,57,15.13,-23.22,75.2,14.99
302,Parabel,56,RU,1546467552,79,58.71,81.5,-0.52,5.01
303,Champerico,75,MX,1546462080,38,16.38,-93.6,89.6,8.05
304,Lewistown,90,US,1546466100,84,40.39,-90.15,28.94,12.75
305,Alta Floresta,36,BR,1546467633,94,-9.87,-56.08,77.65,1.7
306,Mackay,20,CA,1546466400,42,53.65,-115.58,48.2,11.41
307,Uddevalla,0,SE,1546465800,69,58.35,11.94,33.8,9.17
308,Sydney,75,AU,1546466400,88,-33.85,151.22,75.2,10.29
309,Goderich,92,CA,1546467637,90,43.74,-81.71,27.88,10.65
310,Narsaq,24,GL,1546467639,59,60.91,-46.05,9.2,3.33
311,Coquimbo,0,CL,1546466400,68,-29.95,-71.34,66.2,13.87
312,Namatanai,68,PG,1546467641,100,-3.66,152.44,81.43,14.12
313,Walvis Bay,24,NA,1546466400,77,-22.95,14.51,64.4,10.29
314,Bahir Dar,8,ET,1546467644,47,11.59,37.39,48.94,2.77
315,Ardabil,0,IR,1546465860,92,38.25,48.3,21.2,2.24
316,Hobyo,48,SO,1546467646,93,5.35,48.53,75.67,16.98
317,Bambous Virieux,40,MU,1546466400,83,-20.34,57.76,78.8,2.24
318,Faya,0,SA,1546462800,82,18.39,42.45,55.4,3.04
319,Yongan,0,CN,1546467649,71,39.7,113.69,-4.71,2.77
320,Mesetas,20,CO,1546467651,38,3.38,-74.04,85.52,2.89
321,Gazanjyk,56,TM,1546467652,88,39.24,55.52,31.52,3.0
322,Norsup,8,VU,1546467653,82,-16.07,167.38,81.88,9.04
323,Pozo Colorado,0,PY,1546467655,49,-23.49,-58.8,95.87,18.21
324,Mukhtolovo,92,RU,1546467656,88,55.47,43.2,24.05,13.44
325,San Isidro,80,PH,1546467658,100,16.74,121.63,70.72,3.0
326,Hailar,0,CN,1546467659,41,49.2,119.7,-27.84,3.04
327,Charlestown,1,US,1546466160,47,41.38,-71.64,33.98,6.93
328,Dangriga,20,BZ,1546466400,74,16.97,-88.23,82.4,8.05
329,Belmonte,0,PT,1546467663,81,40.36,-7.35,31.39,7.07
330,Abnub,0,EG,1546466400,57,27.27,31.15,51.8,6.93
331,Popovo,64,BG,1546466400,69,43.35,26.23,35.6,9.17
332,Sayansk,64,RU,1546467667,62,54.11,102.18,-13.98,2.55
333,Tessalit,0,ML,1546467668,36,20.2,1.01,53.08,2.48
334,Uruzgan,32,AF,1546467669,62,32.93,66.63,3.08,1.59
335,Mount Gambier,0,AU,1546466400,72,-37.83,140.78,64.4,9.17
336,Tingi,12,TZ,1546467672,100,-11.3,35.03,77.38,2.48
337,Agirish,20,RU,1546467673,83,61.92,63.02,12.98,7.02
338,Presidencia Roque Saenz Pena,0,AR,1546467674,64,-26.79,-60.44,93.8,16.91
339,Bubaque,0,GW,1546467675,94,11.28,-15.83,81.43,4.72
340,Anadyr,20,RU,1546466400,74,64.73,177.51,-23.81,6.71
341,Vung Tau,92,VN,1546467678,99,10.35,107.08,78.95,25.86
342,Boshnyakovo,44,RU,1546467679,98,49.65,142.17,15.91,17.92
343,Hagi,20,JP,1546466400,92,34.43,131.51,30.2,4.7
344,Jackson,90,US,1546466160,92,35.61,-88.82,42.8,5.82
345,Port-Cartier,20,CA,1546462800,58,50.03,-66.88,-4.01,6.93
346,La Ronge,90,CA,1546462800,86,55.1,-105.3,26.6,5.82
347,Beloha,76,MG,1546467685,74,-25.17,45.06,77.83,6.91
348,Languyan,90,FR,1546464600,100,48.3,-3.83,42.8,6.93
349,Emba,75,CY,1546464600,87,34.81,32.42,51.8,5.82
350,LOS ALGARROBOS,75,EC,1546466400,62,-3.25,-79.94,89.6,11.41
351,Divnomorskoye,92,RU,1546467690,92,44.5,38.13,49.12,10.65
352,Nyurba,24,RU,1546467691,57,63.29,118.35,-5.79,5.57
353,Klyuchi,12,RU,1546467692,50,52.25,79.17,-16.72,3.33
354,Hambantota,20,LK,1546463400,88,6.12,81.12,73.4,8.05
355,Saint-Francois,0,FR,1546464600,69,46.42,3.91,37.4,5.82
356,Lata,0,IN,1546467696,100,30.78,78.62,23.92,2.1
357,Bulgan,0,MN,1546467697,36,48.81,103.53,-26.8,7.58
358,Kirakira,8,SB,1546467698,100,-10.46,161.92,79.22,3.04
359,Lavrentiya,44,RU,1546467700,100,65.58,-170.99,-3.09,14.07
360,Meiganga,24,CM,1546467701,35,6.52,14.29,69.55,6.13
361,Saint-Joseph,36,FR,1546464600,56,43.56,6.97,41.0,6.93
362,Ambilobe,0,MG,1546467703,90,-13.19,49.05,72.92,5.06
363,Sinop,44,TR,1546467705,100,42.03,35.15,46.1,8.14
364,Mukhen,0,RU,1546467706,55,48.19,136.14,-11.37,3.6
365,Moron,68,VE,1546467707,41,10.49,-68.2,83.05,3.33
366,Banjar,44,ID,1546467708,99,-7.37,108.54,68.42,0.36
367,Quesnel,90,CA,1546465740,90,52.98,-122.49,33.8,12.75
368,Wagar,92,US,1546467711,96,31.44,-87.99,62.57,3.49
369,Sept-Iles,20,CA,1546462800,58,50.2,-66.38,-4.01,6.93
370,Gloria do Goita,40,BR,1546466400,78,-8.0,-35.29,80.6,12.75
371,Port Hedland,56,AU,1546466400,88,-20.31,118.58,80.6,10.29
372,America Dourada,0,BR,1546467716,43,-11.46,-41.44,81.79,10.76
373,San Rafael del Sur,40,NI,1546466400,48,11.85,-86.44,86.0,13.87
374,Marsa Matruh,40,EG,1546466400,81,31.35,27.25,53.6,13.87
375,Carutapera,68,BR,1546467719,78,-1.2,-46.02,82.15,11.83
376,Pauini,0,BR,1546467720,78,-7.71,-67.0,81.83,5.12
377,Khandyga,44,RU,1546467722,73,62.65,135.58,-37.11,2.59
378,Salekhard,76,RU,1546467723,70,66.54,66.62,6.91,2.71
379,Bavly,64,RU,1546467724,92,54.4,53.24,18.88,11.27
380,Dongsheng,0,CN,1546467725,64,29.72,112.52,16.13,1.88
381,Chicama,20,PE,1546466400,83,-7.84,-79.15,73.4,10.29
382,Muros,0,ES,1546466400,86,42.77,-9.06,41.0,5.82
383,Luwuk,64,ID,1546467729,100,-0.95,122.79,77.74,2.59
384,The Valley,40,AI,1546466400,65,18.22,-63.06,78.8,8.05
385,Werda,76,DE,1546465800,68,50.44,12.3,30.2,10.29
386,Presidente Epitacio,24,BR,1546467733,73,-21.76,-52.12,84.76,7.81
387,Gizo,75,IL,1546465800,66,31.8,34.94,60.8,9.17
388,Emerald,0,AU,1546467735,72,-23.53,148.16,72.07,6.4
389,Kemi,0,FI,1546465800,83,65.74,24.56,-7.61,4.7
390,Wajid,48,SO,1546467738,46,3.81,43.25,80.53,10.87
391,Follonica,0,IT,1546462500,45,42.93,10.76,42.8,4.7
392,Mao,20,DO,1546466400,69,19.55,-71.08,78.8,14.99
393,Tadine,76,NC,1546467741,95,-21.55,167.88,77.2,16.42
394,Canmore,1,CA,1546462800,37,51.09,-115.35,50.0,14.99
395,Gat,0,SN,1546466400,16,14.69,-16.54,84.2,11.41
396,Kaspiysk,8,RU,1546466400,100,42.88,47.64,28.4,6.71
397,El Sauzal,20,AR,1546466400,66,-24.3,-64.96,86.0,8.05
398,Leh,48,IN,1546467538,62,34.16,77.58,-18.07,1.7
399,Port Hawkesbury,90,CA,1546466400,85,45.62,-61.36,15.8,19.46
400,Pondicherry,0,ZA,1546466400,63,-34.04,18.35,64.4,8.05
401,Tsabong,20,BW,1546467751,58,-26.02,22.4,74.9,8.86
402,Abu Kamal,32,SY,1546467752,95,34.45,40.92,48.49,10.54
403,Brae,76,GB,1546465800,87,60.4,-1.35,44.6,4.7
404,Auki,0,NG,1546467755,31,12.18,6.51,66.53,10.38
405,Aasiaat,64,GL,1546467756,100,68.71,-52.87,18.7,7.81
406,Dunedin,0,NZ,1546467700,58,-45.87,170.5,67.75,9.04
407,Sinnamary,68,GF,1546467758,99,5.38,-52.96,77.87,9.6
408,Sarakhs,92,TM,1546466400,93,36.54,61.16,39.2,4.7
409,Tauberbischofsheim,75,DE,1546464000,63,49.62,9.66,28.4,6.93
410,Vestmanna,64,FO,1546465800,93,62.16,-7.17,44.6,16.11
411,Uzhur,68,RU,1546467763,75,55.32,89.85,-12.09,3.0
412,Cockburn Town,56,TC,1546467764,100,21.46,-71.14,78.68,23.17
413,Sur,0,OM,1546467765,100,22.57,59.53,70.27,6.8
414,Whyalla,0,AU,1546466400,57,-33.04,137.58,77.0,2.24
415,Viamao,20,BR,1546466400,47,-30.08,-51.02,100.4,6.93
416,Paamiut,76,GL,1546467769,100,61.99,-49.67,30.58,9.64
417,Bundaberg,75,AU,1546466400,78,-24.87,152.35,78.8,5.82
418,Surt,0,LY,1546467771,100,31.21,16.59,56.77,17.36
419,Mago,64,RU,1546467773,62,53.27,140.15,9.61,5.84
420,Thinadhoo,80,MV,1546467774,100,0.53,72.93,82.1,11.65
421,Nelson Bay,0,AU,1546466400,65,-32.72,152.14,77.0,3.36
422,Vostok,20,RU,1546467776,51,46.45,135.83,-18.43,1.88
423,Camp Verde,1,US,1546466220,35,34.56,-111.85,39.2,14.99
424,Constitucion,90,MX,1546465860,41,23.99,-104.67,60.8,16.11
425,Denizli,75,TR,1546465800,100,37.77,29.09,37.4,4.7
426,Saint-Leu,0,RE,1546466400,73,-21.15,55.28,77.0,6.93
427,Labuhan,92,ID,1546467782,98,-2.54,115.51,72.97,1.59
428,Venustiano Carranza,75,MX,1546465620,15,19.42,-99.11,77.0,8.05
429,Ulladulla,90,AU,1546467120,94,-35.36,150.48,71.6,4.7
430,Cartagena,8,ES,1546466400,93,37.63,-1.0,46.4,6.93
431,Sidi Ali,12,DZ,1546467787,85,36.1,0.42,40.66,1.88
432,Gloversville,40,US,1546466100,58,43.05,-74.34,30.02,2.77
433,Parrita,20,CR,1546466400,64,9.52,-84.33,75.2,16.11
434,Yashan,68,CN,1546467791,95,30.81,118.02,30.85,2.59
435,Boo,8,NG,1546467792,25,7.44,8.9,78.1,11.16
436,Omboue,68,GA,1546467794,100,-1.57,9.26,80.93,7.81
437,Komsomolskiy,76,RU,1546467795,87,67.55,63.78,16.18,10.16
438,Puerto Carreno,75,CO,1546466400,49,6.19,-67.49,89.6,4.7
439,Los Llanos de Aridane,0,ES,1546466400,59,28.66,-17.92,64.4,11.41
440,Garden City,1,US,1546466160,49,40.73,-73.63,39.02,4.7
441,San Joaquin,48,PH,1546467800,92,10.59,122.14,75.76,12.06
442,Toyooka,40,JP,1546466400,93,35.55,134.82,41.0,18.34
443,Yar-Sale,68,RU,1546467802,100,66.83,70.83,10.42,3.33
444,Torbat-e Jam,36,IR,1546467803,83,35.24,60.63,31.66,1.88
445,Chernyshevskiy,36,RU,1546467805,68,63.01,112.47,-9.7,5.91
446,Yen Bai,88,VN,1546467806,100,21.7,104.87,51.37,2.26
447,Odessa,90,US,1546466100,84,31.85,-102.37,31.46,3.36
448,Tocopilla,24,CL,1546467809,79,-22.09,-70.2,68.2,4.9
449,Chama,20,ZM,1546467810,79,-11.22,33.16,69.73,5.91
450,Port Hardy,90,CA,1546464420,86,50.7,-127.42,41.0,26.4
451,Durango,1,US,1546465980,73,37.28,-107.88,21.02,5.82
452,Krivosheino,48,RU,1546467813,62,57.34,83.93,-7.18,4.12
453,Sheridan,5,US,1546465980,25,39.65,-105.03,39.2,3.6
454,Anshun,92,CN,1546467816,97,26.25,105.93,31.93,3.33
455,Fougamou,92,GA,1546467817,99,-1.22,10.59,72.25,2.77
456,Puerto Madryn,80,AR,1546467646,58,-42.77,-65.04,66.13,19.89
457,Ligayan,8,PH,1546467819,100,4.65,119.47,81.61,4.38
458,Evensk,20,RU,1546467821,100,61.92,159.24,-4.35,11.32
459,Kefamenanu,76,ID,1546467822,97,-9.45,124.48,70.27,0.09
460,Pitimbu,20,BR,1546466400,78,-7.47,-34.81,78.8,9.17
461,Lorena,40,BR,1546462800,74,-22.74,-45.11,82.4,3.36
462,Port Lincoln,0,AU,1546467825,86,-34.72,135.86,70.4,16.8
463,Katherine,40,AU,1546466400,78,-14.47,132.26,82.4,8.05
464,Nerchinskiy Zavod,20,RU,1546467828,43,51.31,119.61,-28.83,2.48
465,San Lorenzo,40,PY,1546466400,56,-25.34,-57.51,93.2,10.29
466,Sabha,0,LY,1546467831,76,27.03,14.43,36.97,2.82
467,Ontario,1,US,1546466280,18,34.07,-117.65,64.94,6.93
468,Broome,75,GB,1546465800,93,52.47,1.45,39.2,3.36
469,Samsun,75,TR,1546465800,87,41.29,36.33,44.6,4.7
470,Praia,75,BR,1546462800,73,-20.25,-43.81,75.2,11.41
471,Yining,0,CN,1546467837,76,29.04,114.56,21.58,2.26
472,Muncar,92,ID,1546467838,100,-8.43,114.34,75.94,4.72
473,Cabra,0,ES,1546466400,93,37.47,-4.43,37.4,1.81
474,Tazovskiy,64,RU,1546467840,88,67.47,78.7,13.52,13.06
475,Calama,0,CL,1546466400,26,-22.46,-68.93,71.6,25.28
476,Sovetskiy,76,RU,1546467843,91,56.76,48.47,20.23,12.95
477,Abiramam,0,IN,1546462800,83,9.44,78.44,69.8,3.36
478,Talcahuano,0,CL,1546466400,43,-36.72,-73.12,69.8,18.34
479,Kenai,1,US,1546466160,72,60.55,-151.26,33.98,20.8
480,Kuryk,80,KZ,1546467848,100,43.18,51.68,40.21,14.29
481,Fairbanks,90,US,1546466160,84,64.84,-147.72,23.18,10.83
482,Pozarevac,40,RS,1546464600,90,44.62,21.19,32.0,1.12
483,Santa Cruz del Sur,76,CU,1546467851,60,20.71,-78.0,85.3,10.54
484,Druskininkai,88,LT,1546467853,83,54.02,23.98,29.05,26.15
485,Las Lomas,0,PE,1546467854,39,-4.66,-80.24,90.38,10.31
486,Nexo,0,DK,1546465800,64,55.06,15.13,33.8,11.41
487,Williston,1,US,1546466160,59,48.15,-103.62,39.02,18.34
488,Pangnirtung,40,CA,1546466400,76,66.15,-65.72,-11.21,4.5
489,Mercedes,80,UY,1546467859,100,-33.25,-58.03,76.12,4.72
490,Kandrian,76,PG,1546467860,82,-6.21,149.55,80.89,8.93
491,Yabrud,40,SY,1546466400,75,33.97,36.66,42.8,11.41
492,Morehead,90,US,1546467300,93,38.18,-83.43,44.96,4.7
493,Khalabat,0,PK,1546466400,93,34.06,72.89,44.6,3.36
494,Yangambi,48,CD,1546467865,96,0.77,24.47,73.55,2.21
495,Cayenne,80,GF,1546466400,88,4.94,-52.33,78.8,4.7
496,Patancheru,8,IN,1546466400,81,17.53,78.27,53.6,5.73
497,Tautira,40,PF,1546464600,66,-17.73,-149.15,87.8,12.75
498,Havre-Saint-Pierre,20,CA,1546466400,64,50.23,-63.6,-4.01,10.29
499,Umm Lajj,0,SA,1546467871,100,25.02,37.27,58.25,7.29
500,Kupang,90,ID,1546466400,94,-10.16,123.6,78.8,4.7
501,Sovetskaya Gavan,0,RU,1546467874,100,48.97,140.29,13.57,14.63
502,Estacion Coahuila,20,MX,1546466220,13,32.19,-115.0,57.2,14.99
503,Minggang,0,CN,1546467877,65,32.45,114.03,15.32,2.89
504,West Bay,20,GB,1546465800,92,50.71,-2.76,39.2,3.36
505,Andros,0,GR,1546464000,61,37.83,24.93,48.2,1.12
506,Iquitos,75,PE,1546466400,74,-3.75,-73.25,84.2,6.93
507,Tias,20,ES,1546466400,72,28.96,-13.65,62.6,9.17
508,Derzhavinsk,44,KZ,1546467883,79,51.1,66.31,-1.15,3.11
509,Opuwo,68,NA,1546467884,91,-18.06,13.84,65.68,2.89
510,Rundu,44,NA,1546467885,92,-17.91,19.77,66.22,2.26
511,Pathein,20,MM,1546467886,83,16.78,94.73,71.53,4.79
512,Half Moon Bay,20,US,1546466160,48,37.46,-122.43,55.94,0.81
513,Novobirilyussy,76,RU,1546467889,76,56.95,90.69,2.72,4.72
514,Orchard Homes,75,US,1546465980,65,46.86,-114.05,24.98,2.37
515,Vilkaviskis,88,LT,1546467891,80,54.65,23.03,28.28,24.47
516,Mount Isa,0,AU,1546466400,19,-20.73,139.49,91.4,9.17
517,Pacific Grove,1,US,1546466400,20,36.62,-121.92,59.0,6.93
518,Rome,0,IT,1546465800,52,41.89,12.48,44.6,11.41
519,Nuevo Progreso,90,US,1546466100,93,26.05,-97.95,48.92,11.41
520,Smidovich,0,RU,1546467897,64,48.6,133.81,-13.71,2.26
521,Yerbogachen,56,RU,1546467898,78,61.28,108.01,-12.54,4.05
522,Cotacachi,40,EC,1546466400,28,0.3,-78.27,73.4,12.75
523,Valle del Guamuez,0,CO,1546466400,62,0.45,-76.92,84.2,5.82
524,Ibipeba,0,BR,1546467902,38,-11.64,-42.01,83.68,10.65
525,Nichinan,40,JP,1546466400,55,31.65,131.31,37.4,9.17
526,Viedma,0,AR,1546467905,50,-40.81,-62.99,64.69,15.79
527,San Angelo,90,US,1546466460,88,31.46,-100.44,30.92,9.17
528,Nakhon Si Thammarat,92,TH,1546467907,93,8.43,99.96,82.42,14.85
529,Ratnagiri,0,IN,1546467908,100,16.98,73.3,76.93,6.51
530,Cairns,0,AU,1546466400,69,-16.92,145.77,78.8,5.82
531,Salym,68,RU,1546467911,80,60.06,71.48,10.87,8.81
532,Wewak,88,PG,1546467912,88,-3.55,143.63,79.27,5.39
533,Sandpoint,90,US,1546467000,59,48.28,-116.55,33.08,4.7
534,Ostersund,90,SE,1546465800,92,63.18,14.64,30.2,5.82
535,Krasnoborsk,88,RU,1546467916,81,61.56,45.93,24.05,10.16
536,Vilhena,0,BR,1546462800,83,-12.74,-60.15,77.0,10.29
537,Bonfim,75,BR,1546462800,73,-20.33,-44.24,75.2,11.41
538,Khoy,0,IR,1546467851,73,38.55,44.95,13.88,3.33
539,Corinto,32,BR,1546467921,74,-18.36,-44.46,80.89,0.87
540,Bandarbeyla,92,SO,1546467922,100,9.49,50.81,76.75,16.08
541,Batagay-Alyta,44,RU,1546467923,48,67.8,130.41,-31.08,3.56
542,Great Yarmouth,75,GB,1546465800,93,52.61,1.73,39.2,3.36
543,Celestun,0,MX,1546467925,88,20.87,-90.4,79.22,8.81
544,Yinchuan,0,CN,1546467926,54,38.48,106.21,-2.77,1.77
545,Ritchie,80,ZA,1546466400,68,-29.03,24.6,68.0,8.05
546,Itoman,75,JP,1546466400,77,26.12,127.67,62.6,10.29
547,Santa Isabel do Rio Negro,64,BR,1546467930,88,-0.41,-65.02,80.12,3.83
548,Dunda,0,IN,1546467931,100,30.62,78.32,23.92,2.1
549,Andrews,90,US,1546466100,76,32.32,-102.55,31.46,3.36
550,Teya,40,MX,1546465200,36,21.05,-89.07,91.4,11.41
551,Sioux Lookout,90,CA,1546466400,77,50.1,-91.92,5.0,8.05
552,Prudnik,80,PL,1546467936,90,50.32,17.58,25.99,17.81
553,Knysna,12,ZA,1546466400,82,-34.04,23.05,59.0,10.29
554,Pierre,90,US,1546465980,61,44.37,-100.35,37.04,11.41
555,Galeana,12,MX,1546467940,68,24.83,-100.08,62.26,9.93
556,Simand,88,RO,1546464600,100,46.43,21.45,30.2,4.7
557,Whitehorse,75,CA,1546466400,68,60.72,-135.06,26.6,9.17
558,Taga,20,JP,1546466400,70,35.21,136.34,44.6,21.92
559,King City,1,US,1546465980,29,36.21,-121.13,57.92,3.36
